time_s,temp0_C,temp1_C,temp2_C,temp3_C,temp4_C,temp5_C,temp6_C,temp7_C,temp8_C,temp9_C,valve,mode
65.313,nan,2.03,-54.54,3.10,-19.52,nan,nan,nan,nan,nan,1,O
66.318,nan,5.09,-54.73,3.10,-19.51,nan,nan,nan,nan,nan,1,O
67.322,nan,7.79,-54.77,2.98,-18.97,nan,nan,nan,nan,nan,1,O
68.327,nan,9.70,-52.57,3.32,-18.48,nan,nan,nan,nan,nan,1,O
69.332,nan,11.27,-50.51,3.73,-17.92,nan,nan,nan,nan,nan,1,O
70.337,nan,12.41,-48.01,4.07,-17.16,nan,nan,nan,nan,nan,1,O
71.343,nan,13.11,-43.61,4.41,-15.05,nan,nan,nan,nan,nan,1,O
72.347,nan,13.64,-39.64,4.93,-13.97,nan,nan,nan,nan,nan,1,O
73.352,nan,14.08,-36.88,5.09,-13.16,nan,nan,nan,nan,nan,1,O
74.357,nan,14.27,-34.88,5.45,-12.70,nan,nan,nan,nan,nan,1,O
75.362,nan,14.45,-30.37,5.41,-12.31,nan,nan,nan,nan,nan,1,O
76.366,nan,14.60,-26.66,5.38,-11.90,nan,nan,nan,nan,nan,1,O
77.372,nan,15.04,-24.77,5.44,-11.51,nan,nan,nan,nan,nan,1,O
78.376,nan,15.60,-23.80,5.54,-10.16,nan,nan,nan,nan,nan,1,O
79.382,nan,16.06,-20.41,5.72,-7.90,nan,nan,nan,nan,nan,1,O
80.387,nan,16.37,-16.95,5.88,-6.55,nan,nan,nan,nan,nan,1,O
81.391,nan,16.58,-13.05,6.15,-3.80,nan,nan,nan,nan,nan,1,O
82.397,nan,16.77,-9.27,6.54,0.30,nan,nan,nan,nan,nan,1,O
83.401,nan,16.85,-7.51,7.22,5.93,nan,nan,nan,nan,nan,1,O
84.406,nan,16.98,-6.60,7.81,8.96,nan,nan,nan,nan,nan,1,O
85.410,nan,16.98,-6.27,8.46,11.38,nan,nan,nan,nan,nan,1,O
86.416,nan,16.94,-5.64,10.41,12.97,nan,nan,nan,nan,nan,1,O
87.420,nan,16.95,-3.29,11.73,13.84,nan,nan,nan,nan,nan,1,O
88.425,nan,16.91,-1.40,12.33,14.41,nan,nan,nan,nan,nan,1,O
89.431,nan,16.98,0.05,12.48,14.66,nan,nan,nan,nan,nan,1,O
90.435,nan,16.91,2.57,12.67,15.05,nan,nan,nan,nan,nan,1,O
91.440,nan,16.89,6.60,12.95,15.32,nan,nan,nan,nan,nan,1,O
92.445,nan,16.82,10.05,13.63,15.38,nan,nan,nan,nan,nan,1,O
93.450,nan,16.74,12.76,14.31,15.58,nan,nan,nan,nan,nan,1,O
94.455,nan,16.65,14.26,14.73,15.87,nan,nan,nan,nan,nan,1,O
95.460,nan,16.73,15.11,15.17,16.02,nan,nan,nan,nan,nan,1,O
96.464,nan,16.71,15.80,15.39,16.10,nan,nan,nan,nan,nan,1,O
97.470,nan,16.84,16.20,15.45,15.98,nan,nan,nan,nan,nan,1,O
98.475,nan,16.83,16.21,15.59,16.02,nan,nan,nan,nan,nan,1,O
99.480,nan,16.91,16.05,15.61,16.23,nan,nan,nan,nan,nan,1,O
100.485,nan,16.91,15.63,15.66,16.20,nan,nan,nan,nan,nan,1,O
101.489,nan,16.97,15.28,15.58,16.34,nan,nan,nan,nan,nan,1,O
102.495,nan,16.91,14.70,15.47,16.43,nan,nan,nan,nan,nan,1,O
103.499,nan,16.91,14.02,15.41,16.59,nan,nan,nan,nan,nan,1,O
104.505,nan,16.97,13.54,15.65,16.73,nan,nan,nan,nan,nan,1,O
105.509,nan,16.99,13.91,15.99,17.00,nan,nan,nan,nan,nan,1,O
106.515,nan,17.02,14.95,16.67,17.20,nan,nan,nan,nan,nan,1,O
107.520,nan,17.00,15.95,17.38,17.39,nan,nan,nan,nan,nan,1,O
108.525,nan,16.99,16.56,17.87,17.71,nan,nan,nan,nan,nan,1,O
109.530,nan,16.97,16.98,18.16,17.77,nan,nan,nan,nan,nan,1,O
110.535,nan,17.00,17.33,18.41,18.05,nan,nan,nan,nan,nan,1,O
111.540,nan,17.15,17.72,18.70,18.33,nan,nan,nan,nan,nan,1,O
112.544,nan,17.43,17.87,18.78,18.50,nan,nan,nan,nan,nan,1,O
113.550,nan,17.67,17.95,18.81,18.70,nan,nan,nan,nan,nan,1,O
114.554,nan,17.74,17.86,18.76,18.67,nan,nan,nan,nan,nan,1,O
115.560,nan,17.82,17.87,18.70,18.67,nan,nan,nan,nan,nan,1,O
116.564,nan,17.91,17.67,18.73,18.79,nan,nan,nan,nan,nan,1,O
117.570,nan,17.98,17.62,18.72,18.68,nan,nan,nan,nan,nan,1,O
118.575,nan,18.09,17.38,18.62,18.67,nan,nan,nan,nan,nan,1,O
119.580,nan,18.05,17.12,18.56,18.72,nan,nan,nan,nan,nan,1,O
120.585,nan,18.07,16.87,18.54,18.67,nan,nan,nan,nan,nan,1,O
121.589,nan,18.06,16.78,18.45,18.61,nan,nan,nan,nan,nan,1,O
122.595,nan,17.98,16.49,18.48,18.65,nan,nan,nan,nan,nan,1,O
123.599,nan,17.98,16.36,18.45,18.51,nan,nan,nan,nan,nan,1,O
124.605,nan,17.93,16.08,18.50,18.65,nan,nan,nan,nan,nan,1,O
125.609,nan,17.95,15.82,18.41,18.52,nan,nan,nan,nan,nan,1,O
126.615,nan,17.91,15.54,18.41,18.61,nan,nan,nan,nan,nan,1,O
127.620,nan,17.91,15.34,18.51,18.59,nan,nan,nan,nan,nan,1,O
128.625,nan,17.95,15.00,18.48,18.50,nan,nan,nan,nan,nan,1,O
129.630,nan,17.94,14.82,18.44,18.62,nan,nan,nan,nan,nan,1,O
130.635,nan,17.96,14.60,18.48,18.62,nan,nan,nan,nan,nan,1,O
131.640,nan,17.94,14.38,18.54,18.48,nan,nan,nan,nan,nan,1,O
132.644,nan,17.91,14.25,18.52,18.55,nan,nan,nan,nan,nan,1,O
133.650,nan,17.94,14.02,18.44,18.59,nan,nan,nan,nan,nan,1,O
134.654,nan,17.95,13.63,18.48,18.45,nan,nan,nan,nan,nan,1,O
135.660,nan,18.02,13.49,18.46,18.56,nan,nan,nan,nan,nan,1,O
136.665,nan,18.09,13.78,18.48,18.56,nan,nan,nan,nan,nan,1,O
137.670,nan,18.17,13.98,18.48,18.50,nan,nan,nan,nan,nan,1,O
138.675,nan,18.26,13.84,18.46,18.46,nan,nan,nan,nan,nan,1,O
139.679,nan,18.20,14.00,18.40,18.34,nan,nan,nan,nan,nan,1,O
140.685,nan,nan,14.39,18.48,18.27,nan,nan,nan,nan,nan,1,O
141.780,nan,nan,14.54,18.37,18.04,nan,nan,nan,nan,nan,1,O
142.877,nan,nan,14.77,18.48,17.82,nan,nan,nan,nan,nan,1,O
143.973,nan,nan,15.04,18.44,17.65,nan,nan,nan,nan,nan,1,O
145.069,nan,nan,15.26,18.43,17.71,nan,nan,nan,nan,nan,1,O
146.165,nan,nan,15.58,18.34,17.82,nan,nan,nan,nan,nan,1,O
147.261,nan,nan,15.69,18.40,17.84,nan,nan,nan,nan,nan,1,O
148.357,nan,nan,15.70,18.34,17.91,nan,nan,nan,nan,nan,1,O
149.453,nan,nan,15.87,18.30,17.91,nan,nan,nan,nan,nan,1,O
150.549,nan,nan,15.89,18.35,17.96,nan,nan,nan,nan,nan,1,O
151.646,nan,nan,15.82,18.35,18.00,nan,nan,nan,nan,nan,1,O
152.741,nan,nan,15.84,18.33,18.01,nan,nan,nan,nan,nan,1,O
153.837,nan,nan,15.80,18.30,18.07,nan,nan,nan,nan,nan,1,O
154.934,nan,nan,15.50,18.30,18.07,nan,nan,nan,nan,nan,1,O
156.029,nan,nan,15.20,18.28,18.09,nan,nan,nan,nan,nan,1,O
157.125,nan,nan,15.02,18.24,18.07,nan,nan,nan,nan,nan,1,O
158.222,nan,nan,14.78,18.26,18.09,nan,nan,nan,nan,nan,1,O
159.318,nan,nan,14.60,18.15,18.11,nan,nan,nan,nan,nan,1,O
160.413,nan,nan,14.55,18.27,18.15,nan,nan,nan,nan,nan,1,O
161.510,nan,nan,14.37,18.22,18.07,nan,nan,nan,nan,nan,1,O
162.606,nan,nan,14.17,18.22,18.05,nan,nan,nan,nan,nan,1,O
163.701,nan,nan,13.75,18.20,18.18,nan,nan,nan,nan,nan,1,O
164.798,nan,nan,13.63,18.28,18.15,nan,nan,nan,nan,nan,1,O
165.894,nan,nan,13.38,18.22,18.13,nan,nan,nan,nan,nan,1,O
166.989,nan,nan,13.15,18.20,18.13,nan,nan,nan,nan,nan,1,O
168.086,nan,nan,12.88,18.29,18.09,nan,nan,nan,nan,nan,1,O
169.182,nan,nan,12.83,18.22,18.17,nan,nan,nan,nan,nan,1,O
170.277,nan,nan,12.59,18.20,18.09,nan,nan,nan,nan,nan,1,O
171.374,nan,nan,12.38,18.23,18.07,nan,nan,nan,nan,nan,1,O
172.470,nan,nan,12.44,18.28,18.02,nan,nan,nan,nan,nan,1,O
173.565,nan,nan,12.34,18.24,18.01,nan,nan,nan,nan,nan,1,O
174.662,nan,nan,12.23,18.27,17.80,nan,nan,nan,nan,nan,1,O
175.758,nan,nan,12.19,18.23,17.38,nan,nan,nan,nan,nan,1,O
176.855,nan,nan,12.21,18.22,16.78,nan,nan,nan,nan,nan,1,O
177.950,nan,nan,12.19,18.15,16.55,nan,nan,nan,nan,nan,1,O
179.046,nan,nan,12.26,18.17,16.52,nan,nan,nan,nan,nan,1,O
180.143,nan,nan,12.20,18.15,16.48,nan,nan,nan,nan,nan,1,O
181.238,nan,nan,12.13,18.18,16.41,nan,nan,nan,nan,nan,1,O
182.334,nan,nan,12.11,18.20,16.58,nan,nan,nan,nan,nan,1,O
183.431,nan,nan,12.15,18.09,16.66,nan,nan,nan,nan,nan,1,O
184.526,nan,nan,12.05,18.06,17.02,nan,nan,nan,nan,nan,1,O
185.622,nan,nan,11.95,18.17,17.23,nan,nan,nan,nan,nan,1,O
186.719,nan,nan,11.99,18.13,17.38,nan,nan,nan,nan,nan,1,O
187.814,nan,nan,12.11,18.15,17.52,nan,nan,nan,nan,nan,1,O
188.911,nan,nan,12.41,18.07,17.66,nan,nan,nan,nan,nan,1,O
190.007,nan,nan,12.78,18.09,17.74,nan,nan,nan,nan,nan,1,O
191.102,nan,nan,13.32,18.06,17.89,nan,nan,nan,nan,nan,1,O
192.198,nan,nan,13.76,17.96,17.86,nan,nan,nan,nan,nan,1,O
193.295,nan,nan,14.23,17.88,17.82,nan,nan,nan,nan,nan,1,O
194.391,nan,nan,14.52,17.95,17.89,nan,nan,nan,nan,nan,1,O
195.487,nan,nan,14.76,17.98,17.84,nan,nan,nan,nan,nan,1,O
196.583,nan,nan,14.75,17.94,17.87,nan,nan,nan,nan,nan,1,O
197.679,nan,nan,14.77,17.91,17.84,nan,nan,nan,nan,nan,1,O
198.775,nan,nan,14.99,17.96,17.94,nan,nan,nan,nan,nan,1,O
199.871,nan,nan,14.95,17.87,17.83,nan,nan,nan,nan,nan,1,O
200.967,nan,nan,15.06,17.89,17.91,nan,nan,nan,nan,nan,1,O
202.063,nan,nan,15.11,17.89,17.83,nan,nan,nan,nan,nan,1,O
203.159,nan,nan,15.04,17.96,17.87,nan,nan,nan,nan,nan,1,O
204.255,nan,nan,15.02,17.93,17.86,nan,nan,nan,nan,nan,1,O
205.351,nan,nan,15.00,17.87,17.78,nan,nan,nan,nan,nan,1,O
206.447,nan,nan,15.20,17.83,17.70,nan,nan,nan,nan,nan,1,O
207.543,nan,nan,15.15,17.80,17.73,nan,nan,nan,nan,nan,1,O
208.640,nan,nan,15.11,17.87,17.74,nan,nan,nan,nan,nan,1,O
209.735,nan,nan,15.14,17.89,17.73,nan,nan,nan,nan,nan,1,O
210.832,nan,nan,15.20,17.74,17.70,nan,nan,nan,nan,nan,1,O
211.928,nan,nan,15.20,17.84,17.71,nan,nan,nan,nan,nan,1,O
213.023,nan,nan,15.17,17.83,17.76,nan,nan,nan,nan,nan,1,O
214.120,nan,nan,15.09,17.83,17.73,nan,nan,nan,nan,nan,1,O
215.216,nan,nan,15.06,17.83,17.73,nan,nan,nan,nan,nan,1,O
216.311,nan,nan,14.95,17.78,17.76,nan,nan,nan,nan,nan,1,O
217.408,nan,nan,14.82,17.80,17.76,nan,nan,nan,nan,nan,1,O
218.504,nan,nan,14.70,17.87,17.76,nan,nan,nan,nan,nan,1,O
219.599,nan,nan,14.58,17.87,17.78,nan,nan,nan,nan,nan,1,O
220.696,nan,nan,14.55,17.87,17.76,nan,nan,nan,nan,nan,1,O
221.792,nan,nan,14.43,17.82,17.77,nan,nan,nan,nan,nan,1,O
222.887,nan,nan,14.27,17.80,17.71,nan,nan,nan,nan,nan,1,O
223.984,nan,nan,14.31,17.80,17.77,nan,nan,nan,nan,nan,1,O
225.080,nan,nan,14.20,17.80,17.73,nan,nan,nan,nan,nan,1,O
226.176,nan,nan,14.14,17.80,17.67,nan,nan,nan,nan,nan,1,O
227.272,nan,nan,14.19,17.73,17.55,nan,nan,nan,nan,nan,1,O
228.368,nan,nan,14.03,17.82,17.55,nan,nan,nan,nan,nan,1,O
229.464,nan,nan,13.97,17.74,17.52,nan,nan,nan,nan,nan,1,O
230.560,nan,nan,13.92,17.69,17.47,nan,nan,nan,nan,nan,1,O
231.656,nan,nan,13.98,17.71,17.38,nan,nan,nan,nan,nan,1,O
232.752,nan,nan,13.89,17.73,17.32,nan,nan,nan,nan,nan,1,O
233.848,nan,nan,13.71,17.74,17.34,nan,nan,nan,nan,nan,1,O
234.944,nan,nan,13.56,17.61,17.30,nan,nan,nan,nan,nan,1,O
236.041,nan,nan,13.56,17.69,17.30,nan,nan,nan,nan,nan,1,O
237.136,nan,nan,13.71,17.59,17.30,nan,nan,nan,nan,nan,1,O
238.232,nan,nan,13.76,17.61,17.32,nan,nan,nan,nan,nan,1,O
239.329,nan,nan,13.60,17.65,17.37,nan,nan,nan,nan,nan,1,O
240.424,nan,nan,13.52,17.58,17.34,nan,nan,nan,nan,nan,1,O
241.520,nan,nan,13.34,17.59,17.43,nan,nan,nan,nan,nan,1,O
242.617,nan,nan,13.06,17.61,17.48,nan,nan,nan,nan,nan,1,O
243.713,nan,nan,12.99,17.54,17.52,nan,nan,nan,nan,nan,1,O
244.808,nan,nan,13.05,17.65,17.58,nan,nan,nan,nan,nan,1,O
245.905,nan,nan,13.20,17.59,17.54,nan,nan,nan,nan,nan,1,O
247.001,nan,nan,13.39,17.55,17.50,nan,nan,nan,nan,nan,1,O
248.096,nan,nan,13.64,17.56,17.55,nan,nan,nan,nan,nan,1,O
249.193,nan,nan,13.95,17.48,17.54,nan,nan,nan,nan,nan,1,O
250.289,nan,nan,14.16,17.41,17.55,nan,nan,nan,nan,nan,1,O
251.385,nan,nan,14.36,17.39,17.54,nan,nan,nan,nan,nan,1,O
252.481,nan,nan,14.69,17.34,17.56,nan,nan,nan,nan,nan,1,O
253.577,nan,nan,14.93,17.35,17.39,nan,nan,nan,nan,nan,1,O
254.673,nan,nan,15.02,17.35,17.41,nan,nan,nan,nan,nan,1,O
255.769,nan,nan,15.13,17.39,17.41,nan,nan,nan,nan,nan,1,O
256.865,nan,nan,15.23,17.41,17.41,nan,nan,nan,nan,nan,1,O
257.961,nan,nan,15.30,17.37,17.41,nan,nan,nan,nan,nan,1,O
259.057,nan,nan,15.36,17.41,17.34,nan,nan,nan,nan,nan,1,O
260.153,nan,nan,15.53,17.35,17.41,nan,nan,nan,nan,nan,1,O
261.250,nan,nan,15.52,17.32,17.35,nan,nan,nan,nan,nan,1,O
262.345,nan,nan,15.50,17.34,17.41,nan,nan,nan,nan,nan,1,O
263.442,nan,nan,15.50,17.35,17.32,nan,nan,nan,nan,nan,1,O
264.538,nan,nan,15.53,17.35,17.37,nan,nan,nan,nan,nan,1,O
265.633,nan,nan,15.61,17.37,17.33,nan,nan,nan,nan,nan,1,O
266.730,nan,nan,15.58,17.26,17.37,nan,nan,nan,nan,nan,1,O
267.826,nan,nan,15.58,17.26,17.38,nan,nan,nan,nan,nan,1,O
268.921,nan,nan,15.65,17.23,17.30,nan,nan,nan,nan,nan,1,O
270.018,nan,nan,15.49,17.27,17.34,nan,nan,nan,nan,nan,1,O
271.114,nan,nan,15.61,17.30,17.30,nan,nan,nan,nan,nan,1,O
272.209,nan,nan,15.63,17.23,17.26,nan,nan,nan,nan,nan,1,O
273.306,nan,nan,15.67,17.21,17.33,nan,nan,nan,nan,nan,1,O
274.402,nan,nan,15.63,17.23,17.24,nan,nan,nan,nan,nan,1,O
275.499,nan,nan,15.60,17.21,17.39,nan,nan,nan,nan,nan,1,O
276.594,nan,nan,15.56,17.23,17.28,nan,nan,nan,nan,nan,1,O
277.690,nan,nan,15.52,17.16,17.27,nan,nan,nan,nan,nan,1,O
278.787,nan,nan,15.58,17.17,17.26,nan,nan,nan,nan,nan,1,O
279.882,nan,nan,15.48,17.16,17.21,nan,nan,nan,nan,nan,1,O
280.978,nan,nan,15.49,17.21,17.19,nan,nan,nan,nan,nan,1,O
282.075,nan,nan,15.39,17.16,17.22,nan,nan,nan,nan,nan,1,O
283.170,nan,nan,15.34,17.15,17.20,nan,nan,nan,nan,nan,1,O
284.266,nan,nan,15.25,17.16,17.16,nan,nan,nan,nan,nan,1,O
285.363,nan,nan,15.19,17.13,17.20,nan,nan,nan,nan,nan,1,O
286.458,nan,nan,15.00,17.13,17.11,nan,nan,nan,nan,nan,1,O
287.555,nan,nan,14.97,17.20,17.12,nan,nan,nan,nan,nan,1,O
288.651,nan,nan,14.84,17.04,17.12,nan,nan,nan,nan,nan,1,O
289.746,nan,nan,14.82,17.13,17.11,nan,nan,nan,nan,nan,1,O
290.843,nan,nan,14.82,17.08,17.10,nan,nan,nan,nan,nan,1,O
291.939,nan,nan,14.75,17.12,17.10,nan,nan,nan,nan,nan,1,O
293.035,nan,nan,14.67,17.08,17.16,nan,nan,nan,nan,nan,1,O
294.131,nan,nan,14.48,17.12,17.17,nan,nan,nan,nan,nan,1,O
295.227,nan,nan,14.55,17.11,17.10,nan,nan,nan,nan,nan,1,O
296.323,nan,nan,14.27,17.10,17.13,nan,nan,nan,nan,nan,1,O
297.419,nan,nan,14.31,17.10,17.13,nan,nan,nan,nan,nan,1,O
298.515,nan,nan,14.36,17.04,17.12,nan,nan,nan,nan,nan,1,O
299.612,nan,nan,14.31,17.06,17.10,nan,nan,nan,nan,nan,1,O
300.707,nan,nan,14.34,17.02,17.13,nan,nan,nan,nan,nan,1,O
301.803,nan,nan,14.41,16.99,17.12,nan,nan,nan,nan,nan,1,O
302.900,nan,nan,14.52,17.06,17.11,nan,nan,nan,nan,nan,1,O
303.995,nan,nan,14.52,17.06,17.11,nan,nan,nan,nan,nan,1,O
305.091,nan,nan,14.52,16.97,17.02,nan,nan,nan,nan,nan,1,O
306.188,nan,nan,14.60,16.93,17.15,nan,nan,nan,nan,nan,1,O
307.283,nan,nan,14.67,16.97,17.08,nan,nan,nan,nan,nan,1,O
308.379,nan,nan,14.63,16.93,17.00,nan,nan,nan,nan,nan,1,O
309.476,nan,nan,14.69,16.98,16.99,nan,nan,nan,nan,nan,1,O
310.572,nan,nan,14.61,16.91,16.99,nan,nan,nan,nan,nan,1,O
311.667,nan,nan,14.55,16.91,16.99,nan,nan,nan,nan,nan,1,O
312.764,nan,nan,14.54,16.87,16.95,nan,nan,nan,nan,nan,1,O
313.860,nan,nan,14.43,16.99,16.95,nan,nan,nan,nan,nan,1,O
314.955,nan,nan,14.34,16.91,16.93,nan,nan,nan,nan,nan,1,O
316.052,nan,nan,14.31,16.91,16.94,nan,nan,nan,nan,nan,1,O
317.148,nan,nan,14.25,16.84,16.99,nan,nan,nan,nan,nan,1,O
318.244,nan,nan,14.21,16.87,16.89,nan,nan,nan,nan,nan,1,O
319.340,nan,nan,14.28,16.89,16.89,nan,nan,nan,nan,nan,1,O
320.436,nan,nan,14.32,16.84,16.87,nan,nan,nan,nan,nan,1,O
321.532,nan,nan,14.20,16.84,16.95,nan,nan,nan,nan,nan,1,O
322.628,nan,nan,14.13,16.80,16.89,nan,nan,nan,nan,nan,1,O
323.724,nan,nan,14.12,16.83,16.88,nan,nan,nan,nan,nan,1,O
324.820,nan,nan,14.06,16.74,16.80,nan,nan,nan,nan,nan,1,O
325.916,nan,nan,14.09,16.78,16.85,nan,nan,nan,nan,nan,1,O
327.012,nan,nan,14.10,16.72,16.84,nan,nan,nan,nan,nan,1,O
328.109,nan,nan,14.10,16.82,16.78,nan,nan,nan,nan,nan,1,O
329.204,nan,nan,14.15,16.82,16.80,nan,nan,nan,nan,nan,1,O
330.300,nan,nan,13.99,16.72,16.74,nan,nan,nan,nan,nan,1,O
331.397,nan,nan,14.00,16.83,16.70,nan,nan,nan,nan,nan,1,O
332.492,nan,nan,13.92,16.73,16.74,nan,nan,nan,nan,nan,1,O
333.589,nan,nan,13.91,16.72,16.69,nan,nan,nan,nan,nan,1,O
334.685,nan,nan,13.84,16.78,16.72,nan,nan,nan,nan,nan,1,O
335.780,nan,nan,13.86,16.70,16.76,nan,nan,nan,nan,nan,1,O
336.877,nan,nan,13.87,16.72,16.65,nan,nan,nan,nan,nan,1,O
337.973,nan,nan,13.89,16.66,16.67,nan,nan,nan,nan,nan,1,O
339.068,nan,nan,13.80,16.69,16.71,nan,nan,nan,nan,nan,1,O
340.165,nan,nan,13.82,16.70,16.62,nan,nan,nan,nan,nan,1,O
341.261,nan,nan,13.84,16.60,16.72,nan,nan,nan,nan,nan,1,O
342.356,nan,nan,13.66,16.63,16.65,nan,nan,nan,nan,nan,1,O
343.453,nan,nan,13.61,16.67,16.71,nan,nan,nan,nan,nan,1,O
344.549,nan,nan,13.47,16.61,16.66,nan,nan,nan,nan,nan,1,O
345.645,nan,nan,13.41,16.69,16.61,nan,nan,nan,nan,nan,1,O
346.741,nan,nan,13.26,16.65,16.66,nan,nan,nan,nan,nan,1,O
347.837,nan,nan,13.19,16.65,16.62,nan,nan,nan,nan,nan,1,O
348.934,nan,nan,13.02,16.60,16.60,nan,nan,nan,nan,nan,1,O
350.029,nan,nan,13.15,16.66,16.69,nan,nan,nan,nan,nan,1,O
351.125,nan,nan,13.05,16.65,16.61,nan,nan,nan,nan,nan,1,O
352.222,nan,nan,13.13,16.60,16.62,nan,nan,nan,nan,nan,1,O
353.317,nan,nan,13.05,16.52,16.65,nan,nan,nan,nan,nan,1,O
354.413,nan,nan,12.99,16.60,16.52,nan,nan,nan,nan,nan,1,O
355.510,nan,nan,12.97,16.55,16.55,nan,nan,nan,nan,nan,1,O
356.605,nan,nan,12.97,16.59,16.59,nan,nan,nan,nan,nan,1,O
357.701,nan,nan,12.88,16.45,16.59,nan,nan,nan,nan,nan,1,O
358.798,nan,nan,12.86,16.61,16.56,nan,nan,nan,nan,nan,1,O
359.894,nan,nan,12.83,16.55,16.60,nan,nan,nan,nan,nan,1,O
360.989,nan,nan,12.78,16.52,16.59,nan,nan,nan,nan,nan,1,O
362.086,nan,nan,12.70,16.46,16.52,nan,nan,nan,nan,nan,1,O
363.182,nan,nan,12.66,16.48,16.55,nan,nan,nan,nan,nan,1,O
364.278,nan,nan,12.65,16.43,16.55,nan,nan,nan,nan,nan,1,O
365.374,nan,nan,12.72,16.39,16.46,nan,nan,nan,nan,nan,1,O
366.470,nan,nan,12.66,16.37,16.52,nan,nan,nan,nan,nan,1,O
367.566,nan,nan,12.66,16.43,16.46,nan,nan,nan,nan,nan,1,O
368.662,nan,nan,12.80,16.36,16.46,nan,nan,nan,nan,nan,1,O
369.758,nan,nan,12.87,16.34,16.39,nan,nan,nan,nan,nan,1,O
370.854,nan,nan,13.02,16.38,16.39,nan,nan,nan,nan,nan,1,O
371.950,nan,nan,13.02,16.34,16.36,nan,nan,nan,nan,nan,1,O
373.046,nan,nan,13.19,16.34,16.34,nan,nan,nan,nan,nan,1,O
374.142,nan,nan,13.25,16.34,16.34,nan,nan,nan,nan,nan,1,O
375.238,nan,nan,13.23,16.32,16.23,nan,nan,nan,nan,nan,1,O
376.335,nan,nan,13.11,16.36,16.26,nan,nan,nan,nan,nan,1,O
377.431,nan,nan,12.99,16.30,16.26,nan,nan,nan,nan,nan,1,O
378.526,nan,nan,12.75,16.34,16.27,nan,nan,nan,nan,nan,1,O
379.623,nan,nan,12.66,16.27,16.32,nan,nan,nan,nan,nan,1,O
380.719,nan,nan,12.52,16.28,16.36,nan,nan,nan,nan,nan,1,O
381.814,nan,nan,12.43,16.27,16.26,nan,nan,nan,nan,nan,1,O
382.911,nan,nan,12.30,16.27,16.34,nan,nan,nan,nan,nan,1,O
384.007,nan,nan,12.30,16.23,16.28,nan,nan,nan,nan,nan,1,O
385.102,nan,nan,12.36,16.25,16.27,nan,nan,nan,nan,nan,1,O
386.199,nan,nan,12.37,16.25,16.23,nan,nan,nan,nan,nan,1,O
387.295,nan,nan,12.32,16.21,16.21,nan,nan,nan,nan,nan,1,O
388.391,nan,nan,12.27,16.21,16.25,nan,nan,nan,nan,nan,1,O
389.487,nan,nan,12.22,16.23,16.23,nan,nan,nan,nan,nan,1,O
390.583,nan,nan,12.17,16.26,16.25,nan,nan,nan,nan,nan,1,O
391.680,nan,nan,12.09,16.16,16.15,nan,nan,nan,nan,nan,1,O
392.775,nan,nan,12.06,16.16,16.20,nan,nan,nan,nan,nan,1,O
393.871,nan,nan,11.98,16.14,16.20,nan,nan,nan,nan,nan,1,O
394.968,nan,nan,11.88,16.15,16.12,nan,nan,nan,nan,nan,1,O
396.063,nan,nan,11.87,16.14,16.14,nan,nan,nan,nan,nan,1,O
397.159,nan,nan,11.85,16.12,16.16,nan,nan,nan,nan,nan,1,O
398.256,nan,nan,11.84,16.05,16.17,nan,nan,nan,nan,nan,1,O
399.351,nan,nan,11.73,16.04,16.15,nan,nan,nan,nan,nan,1,O
400.448,nan,nan,11.65,16.05,16.09,nan,nan,nan,nan,nan,1,O
401.544,nan,nan,11.61,16.06,16.06,nan,nan,nan,nan,nan,1,O
402.639,nan,nan,11.37,16.05,16.00,nan,nan,nan,nan,nan,1,O
403.736,nan,nan,11.41,16.06,16.02,nan,nan,nan,nan,nan,1,O
404.832,nan,nan,11.11,16.00,16.05,nan,nan,nan,nan,nan,1,O
405.927,nan,nan,11.13,16.03,16.09,nan,nan,nan,nan,nan,1,O
407.024,nan,nan,11.02,16.03,16.03,nan,nan,nan,nan,nan,1,O
408.120,nan,nan,10.93,16.04,16.08,nan,nan,nan,nan,nan,1,O
409.216,nan,nan,10.89,15.99,16.09,nan,nan,nan,nan,nan,1,O
410.312,nan,nan,10.84,15.98,16.05,nan,nan,nan,nan,nan,1,O
411.408,nan,nan,10.83,15.95,16.09,nan,nan,nan,nan,nan,1,O
412.504,nan,nan,10.80,15.95,16.09,nan,nan,nan,nan,nan,1,O
413.600,nan,nan,10.73,15.95,16.06,nan,nan,nan,nan,nan,1,O
414.696,nan,nan,10.76,15.95,16.02,nan,nan,nan,nan,nan,1,O
415.792,nan,nan,10.72,15.88,16.09,nan,nan,nan,nan,nan,1,O
416.888,nan,nan,10.82,15.95,16.09,nan,nan,nan,nan,nan,1,O
417.984,nan,nan,10.84,15.89,16.05,nan,nan,nan,nan,nan,1,O
419.081,nan,nan,10.80,15.84,16.06,nan,nan,nan,nan,nan,1,O
420.176,nan,nan,10.83,15.84,15.99,nan,nan,nan,nan,nan,1,O
421.272,nan,nan,10.76,15.78,15.86,nan,nan,nan,nan,nan,1,O
422.369,nan,nan,10.83,15.82,15.91,nan,nan,nan,nan,nan,1,O
423.464,nan,nan,10.77,15.80,16.04,nan,nan,nan,nan,nan,1,O
424.560,nan,nan,10.91,15.84,15.95,nan,nan,nan,nan,nan,1,O
425.657,nan,nan,10.94,15.82,15.97,nan,nan,nan,nan,nan,1,O
426.753,nan,nan,10.91,15.75,15.91,nan,nan,nan,nan,nan,1,O
427.848,nan,nan,10.83,15.69,15.86,nan,nan,nan,nan,nan,1,O
428.945,nan,nan,10.84,15.73,15.95,nan,nan,nan,nan,nan,1,O
430.041,nan,nan,10.85,15.73,15.88,nan,nan,nan,nan,nan,1,O
431.137,nan,nan,10.95,15.71,15.84,nan,nan,nan,nan,nan,1,O
432.233,nan,nan,11.07,15.73,15.93,nan,nan,nan,nan,nan,1,O
433.329,nan,nan,11.06,15.66,15.75,nan,nan,nan,nan,nan,1,O
434.425,nan,nan,11.23,15.71,15.84,nan,nan,nan,nan,nan,1,O
435.521,nan,nan,11.34,15.65,15.78,nan,nan,nan,nan,nan,1,O
436.617,nan,nan,11.37,15.61,15.78,nan,nan,nan,nan,nan,1,O
437.713,nan,nan,11.38,15.70,15.78,nan,nan,nan,nan,nan,1,O
438.809,nan,nan,11.23,15.64,15.78,nan,nan,nan,nan,nan,1,O
439.905,nan,nan,11.16,15.61,15.75,nan,nan,nan,nan,nan,1,O
441.001,nan,nan,11.06,15.63,15.72,nan,nan,nan,nan,nan,1,O
442.097,nan,nan,10.91,15.60,15.71,nan,nan,nan,nan,nan,1,O
443.193,nan,nan,10.78,15.60,15.69,nan,nan,nan,nan,nan,1,O
444.290,nan,nan,10.67,15.61,15.71,nan,nan,nan,nan,nan,1,O
445.385,nan,nan,10.70,15.61,15.69,nan,nan,nan,nan,nan,1,O
446.481,nan,nan,10.76,15.59,15.65,nan,nan,nan,nan,nan,1,O
447.578,nan,nan,10.65,15.48,15.61,nan,nan,nan,nan,nan,1,O
448.673,nan,nan,10.63,15.59,15.55,nan,nan,nan,nan,nan,1,O
449.770,nan,nan,10.59,15.59,15.54,nan,nan,nan,nan,nan,1,O
450.866,nan,nan,10.46,15.45,15.58,nan,nan,nan,nan,nan,1,O
451.961,nan,nan,10.38,15.54,15.55,nan,nan,nan,nan,nan,1,O
453.058,nan,nan,10.32,15.45,15.48,nan,nan,nan,nan,nan,1,O
454.154,nan,nan,10.30,15.45,15.59,nan,nan,nan,nan,nan,1,O
455.249,nan,nan,10.29,15.41,15.50,nan,nan,nan,nan,nan,1,O
456.346,nan,nan,10.18,15.41,15.54,nan,nan,nan,nan,nan,1,O
457.442,nan,nan,10.06,15.45,15.52,nan,nan,nan,nan,nan,1,O
458.537,nan,nan,10.09,15.39,15.41,nan,nan,nan,nan,nan,1,O
459.634,nan,nan,9.98,15.38,15.48,nan,nan,nan,nan,nan,1,O
460.730,nan,nan,9.84,15.38,15.50,nan,nan,nan,nan,nan,1,O
461.826,nan,nan,9.84,15.37,15.50,nan,nan,nan,nan,nan,1,O
462.922,nan,nan,9.78,15.28,15.52,nan,nan,nan,nan,nan,1,O
464.018,nan,nan,9.77,15.28,15.41,nan,nan,nan,nan,nan,1,O
465.114,nan,nan,9.78,15.41,15.47,nan,nan,nan,nan,nan,1,O
466.210,nan,nan,9.82,15.26,15.41,nan,nan,nan,nan,nan,1,O
467.306,nan,nan,9.76,15.28,15.47,nan,nan,nan,nan,nan,1,O
468.402,nan,nan,9.67,15.27,15.36,nan,nan,nan,nan,nan,1,O
469.498,nan,nan,9.66,15.30,15.38,nan,nan,nan,nan,nan,1,O
470.594,nan,nan,9.77,15.30,15.36,nan,nan,nan,nan,nan,1,O
471.690,nan,nan,9.79,15.15,15.38,nan,nan,nan,nan,nan,1,O
472.786,nan,nan,9.93,15.23,15.30,nan,nan,nan,nan,nan,1,O
473.882,nan,nan,9.89,15.15,15.32,nan,nan,nan,nan,nan,1,O
474.978,nan,nan,9.85,15.14,15.36,nan,nan,nan,nan,nan,1,O
476.073,nan,nan,9.93,15.17,15.27,nan,nan,nan,nan,nan,1,O
477.170,nan,nan,10.07,15.21,15.23,nan,nan,nan,nan,nan,1,O
478.266,nan,nan,10.16,15.17,15.28,nan,nan,nan,nan,nan,1,O
479.362,nan,nan,10.28,15.15,15.16,nan,nan,nan,nan,nan,1,O
480.458,nan,nan,10.37,15.06,15.11,nan,nan,nan,nan,nan,1,O
481.554,nan,nan,10.39,15.06,15.15,nan,nan,nan,nan,nan,1,O
482.651,nan,nan,10.35,15.08,15.08,nan,nan,nan,nan,nan,1,O
483.746,nan,nan,10.28,15.09,15.10,nan,nan,nan,nan,nan,1,O
484.842,nan,nan,10.21,15.06,15.02,nan,nan,nan,nan,nan,1,O
485.939,nan,nan,10.05,15.06,15.11,nan,nan,nan,nan,nan,1,O
487.034,nan,nan,10.11,15.05,15.05,nan,nan,nan,nan,nan,1,O
488.130,nan,nan,10.09,15.04,15.04,nan,nan,nan,nan,nan,1,O
489.227,nan,nan,10.09,15.06,15.05,nan,nan,nan,nan,nan,1,O
490.322,nan,nan,10.21,15.04,15.09,nan,nan,nan,nan,nan,1,O
491.418,nan,nan,10.32,15.08,14.93,nan,nan,nan,nan,nan,1,O
492.515,nan,nan,10.28,15.02,15.00,nan,nan,nan,nan,nan,1,O
493.611,nan,nan,10.41,14.88,15.05,nan,nan,nan,nan,nan,1,O
494.706,nan,nan,10.63,14.97,15.06,nan,nan,nan,nan,nan,1,O
495.803,nan,nan,10.67,14.95,15.02,nan,nan,nan,nan,nan,1,O
496.899,nan,nan,10.61,14.87,14.95,nan,nan,nan,nan,nan,1,O
497.994,nan,nan,10.54,14.83,15.00,nan,nan,nan,nan,nan,1,O
499.091,nan,nan,10.55,14.93,14.93,nan,nan,nan,nan,nan,1,O
500.187,nan,nan,10.37,14.93,14.84,nan,nan,nan,nan,nan,1,O
501.282,nan,nan,10.24,14.84,14.91,nan,nan,nan,nan,nan,1,O
502.379,nan,nan,10.22,14.89,14.91,nan,nan,nan,nan,nan,1,O
503.475,nan,nan,10.16,14.78,14.84,nan,nan,nan,nan,nan,1,O
504.571,nan,nan,10.33,14.80,14.84,nan,nan,nan,nan,nan,1,O
505.667,nan,nan,10.38,14.73,14.82,nan,nan,nan,nan,nan,1,O
506.763,nan,nan,10.38,14.78,14.82,nan,nan,nan,nan,nan,1,O
507.859,nan,nan,10.41,14.73,14.76,nan,nan,nan,nan,nan,1,O
508.955,nan,nan,10.30,14.72,14.86,nan,nan,nan,nan,nan,1,O
510.051,nan,nan,10.38,14.73,14.84,nan,nan,nan,nan,nan,1,O
511.148,nan,nan,10.34,14.80,14.82,nan,nan,nan,nan,nan,1,O
512.243,nan,nan,10.38,14.82,14.67,nan,nan,nan,nan,nan,1,O
513.340,nan,nan,10.30,14.76,14.76,nan,nan,nan,nan,nan,1,O
514.436,nan,nan,10.28,14.63,14.73,nan,nan,nan,nan,nan,1,O
515.531,nan,nan,10.07,14.67,14.76,nan,nan,nan,nan,nan,1,O
516.628,nan,nan,10.02,14.63,14.63,nan,nan,nan,nan,nan,1,O
517.724,nan,nan,9.91,14.60,14.59,nan,nan,nan,nan,nan,1,O
518.819,nan,nan,9.76,14.65,14.60,nan,nan,nan,nan,nan,1,O
519.916,nan,nan,9.67,14.66,14.63,nan,nan,nan,nan,nan,1,O
521.012,nan,nan,9.67,14.63,14.54,nan,nan,nan,nan,nan,1,O
522.107,nan,nan,9.59,14.63,14.59,nan,nan,nan,nan,nan,1,O
523.204,nan,nan,9.37,14.65,14.66,nan,nan,nan,nan,nan,1,O
524.300,nan,nan,9.38,14.63,14.63,nan,nan,nan,nan,nan,1,O
525.395,nan,nan,9.20,14.63,14.63,nan,nan,nan,nan,nan,1,O
526.491,nan,nan,9.19,14.58,14.63,nan,nan,nan,nan,nan,1,O
527.588,nan,nan,9.06,14.58,14.52,nan,nan,nan,nan,nan,1,O
528.684,nan,nan,9.07,14.49,14.58,nan,nan,nan,nan,nan,1,O
529.779,nan,nan,9.11,14.49,14.59,nan,nan,nan,nan,nan,1,O
530.876,nan,nan,9.11,14.52,14.60,nan,nan,nan,nan,nan,1,O
531.972,nan,nan,8.96,14.49,14.45,nan,nan,nan,nan,nan,1,O
533.067,nan,nan,9.02,14.44,14.61,nan,nan,nan,nan,nan,1,O
534.164,nan,nan,8.88,14.49,14.55,nan,nan,nan,nan,nan,1,O
535.260,nan,nan,8.84,14.44,14.49,nan,nan,nan,nan,nan,1,O
536.355,nan,nan,8.76,14.39,14.49,nan,nan,nan,nan,nan,1,O
537.452,nan,nan,8.67,14.38,14.49,nan,nan,nan,nan,nan,1,O
538.548,nan,nan,8.66,14.44,14.47,nan,nan,nan,nan,nan,1,O
539.643,nan,nan,8.52,14.37,14.48,nan,nan,nan,nan,nan,1,O
540.740,nan,nan,8.44,14.41,14.49,nan,nan,nan,nan,nan,1,O
541.836,nan,nan,8.44,14.38,14.47,nan,nan,nan,nan,nan,1,O
542.931,nan,nan,8.37,14.41,14.43,nan,nan,nan,nan,nan,1,O
544.027,nan,nan,8.37,14.26,14.45,nan,nan,nan,nan,nan,1,O
545.124,nan,nan,8.37,14.31,14.38,nan,nan,nan,nan,nan,1,O
546.220,nan,nan,8.35,14.23,14.41,nan,nan,nan,nan,nan,1,O
547.315,nan,nan,8.44,14.30,14.37,nan,nan,nan,nan,nan,1,O
548.412,nan,nan,8.50,14.27,14.39,nan,nan,nan,nan,nan,1,O
549.508,nan,nan,8.61,14.23,14.37,nan,nan,nan,nan,nan,1,O
550.603,nan,nan,8.60,14.23,14.30,nan,nan,nan,nan,nan,1,O
551.700,nan,nan,8.54,14.23,14.28,nan,nan,nan,nan,nan,1,O
552.796,nan,nan,8.57,14.23,14.34,nan,nan,nan,nan,nan,1,O
553.891,nan,nan,8.76,14.13,14.36,nan,nan,nan,nan,nan,1,O
554.988,nan,nan,8.90,14.16,14.23,nan,nan,nan,nan,nan,1,O
556.084,nan,nan,9.05,14.17,14.21,nan,nan,nan,nan,nan,1,O
557.179,nan,nan,9.21,14.09,14.17,nan,nan,nan,nan,nan,1,O
558.275,nan,nan,9.27,14.06,14.23,nan,nan,nan,nan,nan,1,O
559.372,nan,nan,9.36,14.05,14.16,nan,nan,nan,nan,nan,1,O
560.467,nan,nan,9.43,14.10,14.15,nan,nan,nan,nan,nan,1,O
561.563,nan,nan,9.45,14.13,14.10,nan,nan,nan,nan,nan,1,O
562.660,nan,nan,9.48,14.04,14.16,nan,nan,nan,nan,nan,1,O
563.756,nan,nan,9.46,14.05,14.09,nan,nan,nan,nan,nan,1,O
564.851,nan,nan,9.55,13.99,14.05,nan,nan,nan,nan,nan,1,O
565.948,nan,nan,9.61,13.98,14.17,nan,nan,nan,nan,nan,1,O
567.044,nan,nan,9.54,13.92,14.00,nan,nan,nan,nan,nan,1,O
568.139,nan,nan,9.51,13.95,13.99,nan,nan,nan,nan,nan,1,O
569.235,nan,nan,9.48,13.99,14.05,nan,nan,nan,nan,nan,1,O
570.332,nan,nan,9.63,13.95,13.98,nan,nan,nan,nan,nan,1,O
571.427,nan,nan,9.48,13.91,13.95,nan,nan,nan,nan,nan,1,O
572.523,nan,nan,9.55,13.87,13.95,nan,nan,nan,nan,nan,1,O
573.620,nan,nan,9.56,13.84,13.95,nan,nan,nan,nan,nan,1,O
574.715,nan,nan,9.51,13.86,13.89,nan,nan,nan,nan,nan,1,O
575.811,nan,nan,9.55,13.87,13.78,nan,nan,nan,nan,nan,1,O
576.908,nan,nan,9.65,13.88,13.75,nan,nan,nan,nan,nan,1,O
578.003,nan,nan,9.68,13.78,13.61,nan,nan,nan,nan,nan,1,O
579.099,nan,nan,9.45,13.91,13.65,nan,nan,nan,nan,nan,1,O
580.196,nan,nan,9.30,13.77,13.58,nan,nan,nan,nan,nan,1,O
581.292,nan,nan,9.13,13.80,13.65,nan,nan,nan,nan,nan,1,O
582.387,nan,nan,8.96,13.84,13.67,nan,nan,nan,nan,nan,1,O
583.484,nan,nan,8.76,13.69,13.70,nan,nan,nan,nan,nan,1,O
584.580,nan,nan,8.46,13.73,13.71,nan,nan,nan,nan,nan,1,O
585.675,nan,nan,8.32,13.69,13.73,nan,nan,nan,nan,nan,1,O
586.772,nan,nan,8.18,13.73,13.65,nan,nan,nan,nan,nan,1,O
587.868,nan,nan,8.13,13.73,13.71,nan,nan,nan,nan,nan,1,O
588.963,nan,nan,8.17,13.70,13.70,nan,nan,nan,nan,nan,1,O
590.059,nan,nan,7.92,13.70,13.65,nan,nan,nan,nan,nan,1,O
591.156,nan,nan,8.00,13.69,13.75,nan,nan,nan,nan,nan,1,O
592.251,nan,nan,7.85,13.63,13.66,nan,nan,nan,nan,nan,1,O
593.347,nan,nan,7.90,13.69,13.73,nan,nan,nan,nan,nan,1,O
594.444,nan,nan,7.73,13.65,13.65,nan,nan,nan,nan,nan,1,O
595.539,nan,nan,7.76,13.65,13.73,nan,nan,nan,nan,nan,1,O
596.635,nan,nan,7.76,13.58,13.63,nan,nan,nan,nan,nan,1,O
597.732,nan,nan,7.70,13.64,13.67,nan,nan,nan,nan,nan,1,O
598.828,nan,nan,7.66,13.61,13.64,nan,nan,nan,nan,nan,1,O
599.923,nan,nan,7.65,13.55,13.66,nan,nan,nan,nan,nan,1,O
601.020,nan,nan,7.70,13.56,13.64,nan,nan,nan,nan,nan,1,O
602.116,nan,nan,7.62,13.53,13.61,nan,nan,nan,nan,nan,1,O
603.211,nan,nan,7.62,13.56,13.67,nan,nan,nan,nan,nan,1,O
604.307,nan,nan,7.57,13.50,13.56,nan,nan,nan,nan,nan,1,O
605.404,nan,nan,7.66,13.43,13.60,nan,nan,nan,nan,nan,1,O
606.499,nan,nan,7.59,13.45,13.53,nan,nan,nan,nan,nan,1,O
607.595,nan,nan,7.67,13.39,13.53,nan,nan,nan,nan,nan,1,O
608.692,nan,nan,7.66,13.39,13.52,nan,nan,nan,nan,nan,1,O
609.787,nan,nan,7.57,13.48,13.54,nan,nan,nan,nan,nan,1,O
610.883,nan,nan,7.55,13.36,13.47,nan,nan,nan,nan,nan,1,O
611.980,nan,nan,7.72,13.41,13.49,nan,nan,nan,nan,nan,1,O
613.075,nan,nan,7.70,13.37,13.41,nan,nan,nan,nan,nan,1,O
614.171,nan,nan,7.87,13.34,13.43,nan,nan,nan,nan,nan,1,O
615.268,nan,nan,7.90,13.34,13.41,nan,nan,nan,nan,nan,1,O
616.364,nan,nan,7.85,13.30,13.39,nan,nan,nan,nan,nan,1,O
617.459,nan,nan,8.00,13.32,13.38,nan,nan,nan,nan,nan,1,O
618.556,nan,nan,8.11,13.25,13.27,nan,nan,nan,nan,nan,1,O
619.652,nan,nan,8.18,13.23,13.27,nan,nan,nan,nan,nan,1,O
620.747,nan,nan,8.17,13.21,13.28,nan,nan,nan,nan,nan,1,O
621.844,nan,nan,8.30,13.23,13.27,nan,nan,nan,nan,nan,1,O
622.940,nan,nan,8.22,13.25,13.19,nan,nan,nan,nan,nan,1,O
624.035,nan,nan,8.33,13.23,13.22,nan,nan,nan,nan,nan,1,O
625.131,nan,nan,8.37,13.22,13.19,nan,nan,nan,nan,nan,1,O
626.228,nan,nan,8.43,13.21,13.22,nan,nan,nan,nan,nan,1,O
627.323,nan,nan,8.37,13.17,13.21,nan,nan,nan,nan,nan,1,O
628.419,nan,nan,8.32,13.10,13.21,nan,nan,nan,nan,nan,1,O
629.516,nan,nan,8.17,13.19,13.21,nan,nan,nan,nan,nan,1,O
630.611,nan,nan,8.03,13.10,13.19,nan,nan,nan,nan,nan,1,O
631.707,nan,nan,7.83,13.16,13.20,nan,nan,nan,nan,nan,1,O
632.804,nan,nan,7.70,13.20,13.15,nan,nan,nan,nan,nan,1,O
633.900,nan,nan,7.40,13.11,13.09,nan,nan,nan,nan,nan,1,O
634.995,nan,nan,7.36,13.20,13.09,nan,nan,nan,nan,nan,1,O
636.092,nan,nan,7.22,13.15,13.14,nan,nan,nan,nan,nan,1,O
637.188,nan,nan,6.97,13.11,13.15,nan,nan,nan,nan,nan,1,O
638.283,nan,nan,6.95,13.08,13.06,nan,nan,nan,nan,nan,1,O
639.379,nan,nan,6.88,13.08,13.10,nan,nan,nan,nan,nan,1,O
640.476,nan,nan,6.86,13.04,13.13,nan,nan,nan,nan,nan,1,O
641.571,nan,nan,6.88,12.98,13.02,nan,nan,nan,nan,nan,1,O
642.667,nan,nan,6.70,13.02,12.82,nan,nan,nan,nan,nan,1,O
643.764,nan,nan,6.77,13.02,12.87,nan,nan,nan,nan,nan,1,O
644.859,nan,nan,6.80,12.99,12.86,nan,nan,nan,nan,nan,1,O
645.955,nan,nan,6.91,12.91,12.88,nan,nan,nan,nan,nan,1,O
647.052,nan,nan,6.77,12.97,12.84,nan,nan,nan,nan,nan,1,O
648.147,nan,nan,6.70,12.91,12.95,nan,nan,nan,nan,nan,1,O
649.243,nan,nan,6.57,12.89,12.91,nan,nan,nan,nan,nan,1,O
650.340,nan,nan,6.52,12.91,12.91,nan,nan,nan,nan,nan,1,O
651.436,nan,nan,6.41,12.98,12.89,nan,nan,nan,nan,nan,1,O
652.531,nan,nan,6.13,12.95,12.88,nan,nan,nan,nan,nan,1,O
653.627,nan,nan,5.91,12.95,12.87,nan,nan,nan,nan,nan,1,O
654.724,nan,nan,5.66,12.88,12.87,nan,nan,nan,nan,nan,1,O
655.819,nan,nan,5.65,12.86,12.72,nan,nan,nan,nan,nan,1,O
656.915,nan,nan,5.65,12.91,12.82,nan,nan,nan,nan,nan,1,O
658.012,nan,nan,5.58,12.82,12.80,nan,nan,nan,nan,nan,1,O
659.107,nan,nan,5.49,12.83,12.80,nan,nan,nan,nan,nan,1,O
660.203,nan,nan,5.48,12.76,12.75,nan,nan,nan,nan,nan,1,O
661.300,nan,nan,5.52,12.72,12.84,nan,nan,nan,nan,nan,1,O
662.395,nan,nan,5.48,12.71,12.75,nan,nan,nan,nan,nan,1,O
663.491,nan,nan,5.60,12.71,12.82,nan,nan,nan,nan,nan,1,O
664.588,nan,nan,5.69,12.69,12.66,nan,nan,nan,nan,nan,1,O
665.683,nan,nan,5.69,12.65,12.72,nan,nan,nan,nan,nan,1,O
666.779,nan,nan,5.93,12.63,12.71,nan,nan,nan,nan,nan,1,O
667.876,nan,nan,6.05,12.60,12.75,nan,nan,nan,nan,nan,1,O
668.972,nan,nan,6.14,12.56,12.69,nan,nan,nan,nan,nan,1,O
670.067,nan,nan,6.31,12.58,12.73,nan,nan,nan,nan,nan,1,O
671.163,nan,nan,6.42,12.56,12.66,nan,nan,nan,nan,nan,1,O
672.260,nan,nan,6.36,12.48,12.63,nan,nan,nan,nan,nan,1,O
673.355,nan,nan,6.43,12.50,12.63,nan,nan,nan,nan,nan,1,O
674.451,nan,nan,6.47,12.47,12.66,nan,nan,nan,nan,nan,1,O
675.548,nan,nan,6.52,12.49,12.66,nan,nan,nan,nan,nan,1,O
676.643,nan,nan,6.45,12.54,12.52,nan,nan,nan,nan,nan,1,O
677.739,nan,nan,6.48,12.50,12.48,nan,nan,nan,nan,nan,1,O
678.836,nan,nan,6.34,12.43,12.41,nan,nan,nan,nan,nan,1,O
679.931,nan,nan,6.23,12.44,12.36,nan,nan,nan,nan,nan,1,O
681.027,nan,nan,6.17,12.41,12.44,nan,nan,nan,nan,nan,1,O
682.124,nan,nan,5.95,12.48,12.44,nan,nan,nan,nan,nan,1,O
683.219,nan,nan,5.77,12.41,12.41,nan,nan,nan,nan,nan,1,O
684.315,nan,nan,5.58,12.45,12.30,nan,nan,nan,nan,nan,1,O
685.412,nan,nan,5.47,12.48,12.30,nan,nan,nan,nan,nan,1,O
686.508,nan,nan,5.15,12.43,12.24,nan,nan,nan,nan,nan,1,O
687.603,nan,nan,5.09,12.37,12.20,nan,nan,nan,nan,nan,1,O
688.699,nan,nan,4.90,12.38,12.02,nan,nan,nan,nan,nan,1,O
689.796,nan,nan,4.67,12.37,12.02,nan,nan,nan,nan,nan,1,O
690.891,nan,nan,4.52,12.36,11.93,nan,nan,nan,nan,nan,1,O
691.987,nan,nan,4.44,12.34,12.04,nan,nan,nan,nan,nan,1,O
693.084,nan,nan,4.34,12.27,11.98,nan,nan,nan,nan,nan,1,O
694.179,nan,nan,4.19,12.33,12.08,nan,nan,nan,nan,nan,1,O
695.275,nan,nan,4.18,12.22,12.13,nan,nan,nan,nan,nan,1,O
696.372,nan,nan,3.98,12.28,12.15,nan,nan,nan,nan,nan,1,O
697.467,nan,nan,3.80,12.22,12.13,nan,nan,nan,nan,nan,1,O
698.563,nan,nan,3.70,12.20,12.20,nan,nan,nan,nan,nan,1,O
699.660,nan,nan,3.69,12.20,12.30,nan,nan,nan,nan,nan,1,O
700.755,nan,nan,3.59,12.11,12.22,nan,nan,nan,nan,nan,1,O
701.851,nan,nan,3.63,12.21,12.23,nan,nan,nan,nan,nan,1,O
702.948,nan,nan,3.67,12.11,12.23,nan,nan,nan,nan,nan,1,O
704.044,nan,nan,3.86,12.10,12.21,nan,nan,nan,nan,nan,1,O
705.139,nan,nan,3.96,12.06,12.15,nan,nan,nan,nan,nan,1,O
706.235,nan,nan,4.27,12.05,12.13,nan,nan,nan,nan,nan,1,O
707.332,nan,nan,4.30,12.08,12.06,nan,nan,nan,nan,nan,1,O
708.427,nan,nan,4.44,12.04,12.11,nan,nan,nan,nan,nan,1,O
709.523,nan,nan,4.59,12.02,12.16,nan,nan,nan,nan,nan,1,O
710.620,nan,nan,4.77,11.97,12.10,nan,nan,nan,nan,nan,1,O
711.715,nan,nan,4.88,12.00,12.06,nan,nan,nan,nan,nan,1,O
712.811,nan,nan,4.90,11.97,12.09,nan,nan,nan,nan,nan,1,O
713.908,nan,nan,5.02,12.02,12.00,nan,nan,nan,nan,nan,1,O
715.003,nan,11.73,4.98,11.93,12.02,nan,nan,nan,nan,nan,1,O
716.008,nan,11.70,4.91,11.97,12.00,nan,nan,nan,nan,nan,1,O
717.014,nan,11.70,4.98,11.87,11.99,nan,nan,nan,nan,nan,1,O
718.018,nan,11.63,5.05,11.84,11.95,nan,nan,nan,nan,nan,1,O
719.023,nan,11.63,5.13,11.83,11.89,nan,nan,nan,nan,nan,1,O
720.028,nan,11.69,5.22,11.94,11.93,nan,nan,nan,nan,nan,1,O
721.033,nan,11.63,5.20,11.91,11.94,nan,nan,nan,nan,nan,1,O
722.038,nan,11.58,5.22,11.80,11.89,nan,nan,nan,nan,nan,1,O
723.043,nan,11.61,5.23,11.80,11.87,nan,nan,nan,nan,nan,1,O
724.047,nan,11.55,5.28,11.77,11.84,nan,nan,nan,nan,nan,1,O
725.053,nan,11.54,5.30,11.78,11.88,nan,nan,nan,nan,nan,1,O
726.057,nan,11.54,5.41,11.74,11.82,nan,nan,nan,nan,nan,1,O
727.063,nan,11.55,5.24,11.73,11.83,nan,nan,nan,nan,nan,1,O
728.068,nan,11.54,5.26,11.78,11.77,nan,nan,nan,nan,nan,1,O
729.073,nan,11.50,5.22,11.74,11.82,nan,nan,nan,nan,nan,1,O
730.078,nan,11.41,5.18,11.71,11.74,nan,nan,nan,nan,nan,1,O
731.082,nan,11.43,5.20,11.71,11.74,nan,nan,nan,nan,nan,1,O
732.088,nan,11.44,5.13,11.63,11.77,nan,nan,nan,nan,nan,1,O
733.092,nan,11.44,5.26,11.63,11.58,nan,nan,nan,nan,nan,1,O
734.098,nan,11.37,5.27,11.60,11.49,nan,nan,nan,nan,nan,1,O
735.102,nan,11.30,5.34,11.60,11.50,nan,nan,nan,nan,nan,1,O
736.107,nan,11.41,5.34,11.61,11.41,nan,nan,nan,nan,nan,1,O
737.113,nan,11.35,5.41,11.65,11.43,nan,nan,nan,nan,nan,1,O
738.117,nan,11.35,5.41,11.54,11.52,nan,nan,nan,nan,nan,1,O
739.123,nan,11.32,5.39,11.52,11.46,nan,nan,nan,nan,nan,1,O
740.127,nan,11.32,5.37,11.52,11.55,nan,nan,nan,nan,nan,1,O
741.133,nan,11.30,5.39,11.44,11.54,nan,nan,nan,nan,nan,1,O
742.137,nan,11.21,5.27,11.52,11.46,nan,nan,nan,nan,nan,1,O
743.142,nan,11.24,5.30,11.45,11.41,nan,nan,nan,nan,nan,1,O
744.147,nan,11.24,5.18,11.45,11.48,nan,nan,nan,nan,nan,1,O
745.152,nan,11.21,5.28,11.44,11.49,nan,nan,nan,nan,nan,1,O
746.158,nan,11.20,5.20,11.34,11.38,nan,nan,nan,nan,nan,1,O
747.162,nan,11.20,5.26,11.50,11.49,nan,nan,nan,nan,nan,1,O
748.167,nan,11.22,5.15,11.39,11.43,nan,nan,nan,nan,nan,1,O
749.172,nan,11.20,5.13,11.37,11.39,nan,nan,nan,nan,nan,1,O
750.177,nan,11.17,5.20,11.39,11.35,nan,nan,nan,nan,nan,1,O
751.182,nan,11.15,5.11,11.34,11.41,nan,nan,nan,nan,nan,1,O
752.187,nan,11.10,5.13,11.35,11.35,nan,nan,nan,nan,nan,1,O
753.192,nan,11.13,5.15,11.35,11.43,nan,nan,nan,nan,nan,1,O
754.197,nan,11.09,5.17,11.32,11.30,nan,nan,nan,nan,nan,1,O
755.202,nan,11.13,5.07,11.30,11.33,nan,nan,nan,nan,nan,1,O
756.207,nan,11.05,5.04,11.26,11.30,nan,nan,nan,nan,nan,1,O
757.212,nan,11.02,5.02,11.24,11.27,nan,nan,nan,nan,nan,1,O
758.217,nan,11.05,4.98,11.26,11.27,nan,nan,nan,nan,nan,1,O
759.222,nan,10.96,5.02,11.23,11.27,nan,nan,nan,nan,nan,1,O
760.227,nan,11.02,5.07,11.20,11.27,nan,nan,nan,nan,nan,1,O
761.232,nan,11.00,5.02,11.16,11.28,nan,nan,nan,nan,nan,1,O
762.236,nan,10.94,4.91,11.20,11.26,nan,nan,nan,nan,nan,1,O
763.242,nan,10.95,4.98,11.19,11.28,nan,nan,nan,nan,nan,1,O
764.247,nan,10.98,5.05,11.09,11.21,nan,nan,nan,nan,nan,1,O
765.252,nan,10.93,5.07,11.05,11.20,nan,nan,nan,nan,nan,1,O
766.257,nan,10.83,4.93,11.09,11.20,nan,nan,nan,nan,nan,1,O
767.261,nan,10.85,4.96,11.09,11.10,nan,nan,nan,nan,nan,1,O
768.267,nan,10.80,4.91,11.06,11.02,nan,nan,nan,nan,nan,1,O
769.271,nan,10.80,4.90,11.05,11.09,nan,nan,nan,nan,nan,1,O
770.277,nan,10.80,4.79,10.98,11.09,nan,nan,nan,nan,nan,1,O
771.281,nan,10.77,4.63,11.02,11.13,nan,nan,nan,nan,nan,1,O
772.286,nan,10.78,4.53,10.96,11.06,nan,nan,nan,nan,nan,1,O
773.292,nan,10.68,4.42,11.02,11.06,nan,nan,nan,nan,nan,1,O
774.296,nan,10.71,4.31,11.00,11.10,nan,nan,nan,nan,nan,1,O
775.302,nan,10.72,4.16,10.96,11.07,nan,nan,nan,nan,nan,1,O
776.306,nan,10.76,4.10,10.94,11.04,nan,nan,nan,nan,nan,1,O
777.311,nan,10.63,4.08,10.89,11.09,nan,nan,nan,nan,nan,1,O
778.316,nan,10.73,3.90,10.89,11.02,nan,nan,nan,nan,nan,1,O
779.321,nan,10.66,3.86,10.93,11.05,nan,nan,nan,nan,nan,1,O
780.326,nan,10.71,3.82,10.91,11.00,nan,nan,nan,nan,nan,1,O
781.331,nan,10.60,3.76,10.91,10.91,nan,nan,nan,nan,nan,1,O
782.336,nan,10.61,3.79,10.83,10.93,nan,nan,nan,nan,nan,1,O
783.341,nan,10.63,3.71,10.82,10.93,nan,nan,nan,nan,nan,1,O
784.346,nan,10.60,3.88,10.76,10.96,nan,nan,nan,nan,nan,1,O
785.351,nan,10.63,3.92,10.78,10.93,nan,nan,nan,nan,nan,1,O
786.356,nan,10.59,4.07,10.77,10.85,nan,nan,nan,nan,nan,1,O
787.360,nan,10.52,4.13,10.74,10.82,nan,nan,nan,nan,nan,1,O
788.366,nan,10.46,4.14,10.73,10.80,nan,nan,nan,nan,nan,1,O
789.370,nan,10.52,4.16,10.74,10.89,nan,nan,nan,nan,nan,1,O
790.376,nan,10.52,4.31,10.73,10.89,nan,nan,nan,nan,nan,1,O
791.380,nan,10.55,4.23,10.68,10.82,nan,nan,nan,nan,nan,1,O
792.385,nan,10.41,4.27,10.70,10.74,nan,nan,nan,nan,nan,1,O
793.391,nan,10.45,4.10,10.66,10.76,nan,nan,nan,nan,nan,1,O
794.395,nan,10.45,4.23,10.66,10.63,nan,nan,nan,nan,nan,1,O
795.401,nan,10.48,4.08,10.60,10.48,nan,nan,nan,nan,nan,1,O
796.405,nan,10.39,4.04,10.59,10.54,nan,nan,nan,nan,nan,1,O
797.411,nan,10.43,4.02,10.54,10.55,nan,nan,nan,nan,nan,1,O
798.415,nan,10.43,4.09,10.55,10.50,nan,nan,nan,nan,nan,1,O
799.420,nan,10.35,3.90,10.52,10.54,nan,nan,nan,nan,nan,1,O
800.425,nan,10.44,3.88,10.55,10.52,nan,nan,nan,nan,nan,1,O
801.430,nan,10.28,3.77,10.52,10.60,nan,nan,nan,nan,nan,1,O
802.436,nan,10.26,3.70,10.44,10.43,nan,nan,nan,nan,nan,1,O
803.440,nan,10.35,3.69,10.52,10.44,nan,nan,nan,nan,nan,1,O
804.445,nan,10.32,3.45,10.50,10.44,nan,nan,nan,nan,nan,1,O
805.450,nan,10.33,3.22,10.48,10.59,nan,nan,nan,nan,nan,1,O
806.455,nan,10.23,2.98,10.46,10.48,nan,nan,nan,nan,nan,1,O
807.460,nan,10.24,2.80,10.48,10.59,nan,nan,nan,nan,nan,1,O
808.465,nan,10.22,2.57,10.52,10.55,nan,nan,nan,nan,nan,1,O
809.470,nan,10.23,2.55,10.41,10.52,nan,nan,nan,nan,nan,1,O
810.475,nan,10.27,2.41,10.44,10.41,nan,nan,nan,nan,nan,1,O
811.480,nan,10.18,2.27,10.35,10.41,nan,nan,nan,nan,nan,1,O
812.485,nan,10.20,2.27,10.35,10.28,nan,nan,nan,nan,nan,1,O
813.490,nan,10.16,2.27,10.34,10.16,nan,nan,nan,nan,nan,1,O
814.495,nan,10.13,2.40,10.30,10.23,nan,nan,nan,nan,nan,1,O
815.500,nan,10.11,2.38,10.27,10.21,nan,nan,nan,nan,nan,1,O
816.504,nan,10.09,2.34,10.30,10.21,nan,nan,nan,nan,nan,1,O
817.510,nan,10.09,2.41,10.28,10.29,nan,nan,nan,nan,nan,1,O
818.514,nan,10.07,2.35,10.28,10.37,nan,nan,nan,nan,nan,1,O
819.520,nan,10.06,2.29,10.24,10.28,nan,nan,nan,nan,nan,1,O
820.525,nan,10.06,2.30,10.20,10.27,nan,nan,nan,nan,nan,1,O
821.529,nan,10.02,2.23,10.18,10.34,nan,nan,nan,nan,nan,1,O
822.535,nan,9.98,2.18,10.18,10.26,nan,nan,nan,nan,nan,1,O
823.539,nan,10.04,2.16,10.21,10.28,nan,nan,nan,nan,nan,1,O
824.545,nan,9.93,2.23,10.15,10.17,nan,nan,nan,nan,nan,1,O
825.549,nan,9.98,2.23,10.09,10.20,nan,nan,nan,nan,nan,1,O
826.554,nan,9.96,2.23,10.17,10.07,nan,nan,nan,nan,nan,1,O
827.559,nan,9.93,2.02,10.17,10.00,nan,nan,nan,nan,nan,1,O
828.564,nan,9.90,1.97,10.13,10.02,nan,nan,nan,nan,nan,1,O
829.569,nan,9.95,1.86,10.09,10.02,nan,nan,nan,nan,nan,1,O
830.574,nan,9.87,1.86,10.11,10.05,nan,nan,nan,nan,nan,1,O
831.579,nan,9.89,1.78,10.05,10.07,nan,nan,nan,nan,nan,1,O
832.583,nan,9.87,1.59,10.06,10.11,nan,nan,nan,nan,nan,1,O
833.589,nan,9.79,1.52,10.13,10.16,nan,nan,nan,nan,nan,1,O
834.593,nan,9.84,1.36,10.09,10.09,nan,nan,nan,nan,nan,1,O
835.598,nan,9.83,1.32,10.02,10.05,nan,nan,nan,nan,nan,1,O
836.603,nan,9.78,1.43,10.09,10.04,nan,nan,nan,nan,nan,1,O
837.608,nan,9.74,1.48,9.98,10.02,nan,nan,nan,nan,nan,1,O
838.612,nan,9.68,1.55,9.91,10.13,nan,nan,nan,nan,nan,1,O
839.618,nan,9.72,1.48,9.91,9.98,nan,nan,nan,nan,nan,1,O
840.623,nan,9.68,1.55,9.90,9.98,nan,nan,nan,nan,nan,1,O
841.627,nan,9.66,1.86,9.83,9.93,nan,nan,nan,nan,nan,1,O
842.632,nan,9.66,1.92,9.90,10.02,nan,nan,nan,nan,nan,1,O
843.637,nan,9.68,2.03,9.80,9.94,nan,nan,nan,nan,nan,1,O
844.642,nan,9.65,2.04,9.79,9.93,nan,nan,nan,nan,nan,1,O
845.646,nan,9.63,1.91,9.87,9.85,nan,nan,nan,nan,nan,1,O
846.651,nan,9.63,1.82,9.73,9.90,nan,nan,nan,nan,nan,1,O
847.656,nan,9.63,1.63,9.74,9.80,nan,nan,nan,nan,nan,1,O
848.661,nan,9.59,1.52,9.78,9.76,nan,nan,nan,nan,nan,1,O
849.666,nan,9.57,1.56,9.74,9.63,nan,nan,nan,nan,nan,1,O
850.670,nan,9.51,1.49,9.73,9.57,nan,nan,nan,nan,nan,1,O
851.676,nan,9.57,1.38,9.73,9.65,nan,nan,nan,nan,nan,1,O
852.680,nan,9.45,1.38,9.72,9.65,nan,nan,nan,nan,nan,1,O
853.685,nan,9.51,1.38,9.67,9.65,nan,nan,nan,nan,nan,1,O
854.689,nan,9.51,1.38,9.70,9.63,nan,nan,nan,nan,nan,1,O
855.695,nan,9.45,1.38,9.63,9.70,nan,nan,nan,nan,nan,1,O
856.699,nan,9.37,1.41,9.63,9.72,nan,nan,nan,nan,nan,1,O
857.704,nan,9.43,1.38,9.63,9.68,nan,nan,nan,nan,nan,1,O
858.708,nan,9.44,1.49,9.55,9.70,nan,nan,nan,nan,nan,1,O
859.714,nan,9.43,1.56,9.59,9.66,nan,nan,nan,nan,nan,1,O
860.719,nan,9.41,1.64,9.55,9.65,nan,nan,nan,nan,nan,1,O
861.723,nan,9.34,1.52,9.55,9.65,nan,nan,nan,nan,nan,1,O
862.729,nan,9.33,1.56,9.59,9.63,nan,nan,nan,nan,nan,1,O
863.733,nan,9.34,1.56,9.55,9.59,nan,nan,nan,nan,nan,1,O
864.738,nan,9.34,1.59,9.51,9.59,nan,nan,nan,nan,nan,1,O
865.742,nan,9.30,1.54,9.51,9.59,nan,nan,nan,nan,nan,1,O
866.748,nan,9.30,1.52,9.46,9.61,nan,nan,nan,nan,nan,1,O
867.752,nan,9.30,1.41,9.45,9.59,nan,nan,nan,nan,nan,1,O
868.757,nan,9.24,1.24,9.41,9.54,nan,nan,nan,nan,nan,1,O
869.762,nan,9.23,1.09,9.38,9.63,nan,nan,nan,nan,nan,1,O
870.767,nan,9.24,0.95,9.44,9.48,nan,nan,nan,nan,nan,1,O
871.772,nan,9.22,0.68,9.41,9.51,nan,nan,nan,nan,nan,1,O
872.776,nan,9.19,0.59,9.41,9.48,nan,nan,nan,nan,nan,1,O
873.781,nan,9.21,0.48,9.34,9.50,nan,nan,nan,nan,nan,1,O
874.786,nan,9.19,0.37,9.37,9.46,nan,nan,nan,nan,nan,1,O
875.791,nan,9.20,0.31,9.43,9.48,nan,nan,nan,nan,nan,1,O
876.795,nan,9.13,0.32,9.27,9.45,nan,nan,nan,nan,nan,1,O
877.800,nan,9.20,0.27,9.30,9.41,nan,nan,nan,nan,nan,1,O
878.806,nan,9.09,0.27,9.30,9.38,nan,nan,nan,nan,nan,1,O
879.810,nan,9.11,0.16,9.26,9.37,nan,nan,nan,nan,nan,1,O
880.815,nan,9.09,0.23,9.27,9.30,nan,nan,nan,nan,nan,1,O
881.819,nan,9.02,0.27,9.20,9.38,nan,nan,nan,nan,nan,1,O
882.825,nan,9.07,0.32,9.24,9.33,nan,nan,nan,nan,nan,1,O
883.829,nan,9.02,0.40,9.19,9.26,nan,nan,nan,nan,nan,1,O
884.834,nan,9.04,0.45,9.19,9.33,nan,nan,nan,nan,nan,1,O
885.838,nan,9.06,0.44,9.17,9.33,nan,nan,nan,nan,nan,1,O
886.844,nan,9.02,0.40,9.17,9.19,nan,nan,nan,nan,nan,1,O
887.848,nan,8.98,0.58,9.20,9.11,nan,nan,nan,nan,nan,1,O
888.853,nan,8.91,0.57,9.17,9.09,nan,nan,nan,nan,nan,1,O
889.858,nan,9.02,0.49,9.06,9.10,nan,nan,nan,nan,nan,1,O
890.863,nan,8.90,0.55,9.09,9.11,nan,nan,nan,nan,nan,1,O
891.868,nan,8.89,0.53,9.06,9.13,nan,nan,nan,nan,nan,1,O
892.872,nan,8.80,0.70,9.10,9.06,nan,nan,nan,nan,nan,1,O
893.877,nan,8.84,0.61,9.05,9.09,nan,nan,nan,nan,nan,1,O
894.881,nan,8.85,0.58,9.00,9.13,nan,nan,nan,nan,nan,1,O
895.887,nan,8.84,0.51,9.00,9.13,nan,nan,nan,nan,nan,1,O
896.891,nan,8.73,0.52,8.98,9.07,nan,nan,nan,nan,nan,1,O
897.896,nan,8.79,0.55,8.94,9.04,nan,nan,nan,nan,nan,1,O
898.900,nan,8.83,0.49,8.91,9.07,nan,nan,nan,nan,nan,1,O
899.906,nan,8.73,0.44,8.90,9.04,nan,nan,nan,nan,nan,1,O
900.911,nan,8.76,0.34,8.93,9.10,nan,nan,nan,nan,nan,1,O
901.915,nan,8.76,0.23,8.83,9.00,nan,nan,nan,nan,nan,1,O
902.920,nan,8.65,0.16,8.89,9.06,nan,nan,nan,nan,nan,1,O
903.925,nan,8.69,0.31,8.80,8.96,nan,nan,nan,nan,nan,1,O
904.930,nan,8.61,0.27,8.80,8.94,nan,nan,nan,nan,nan,1,O
905.934,nan,8.65,0.27,8.76,8.94,nan,nan,nan,nan,nan,1,O
906.939,nan,8.63,0.34,8.79,8.83,nan,nan,nan,nan,nan,1,O
907.944,nan,8.52,0.36,8.73,8.84,nan,nan,nan,nan,nan,1,O
908.949,nan,8.56,0.34,8.77,8.84,nan,nan,nan,nan,nan,1,O
909.954,nan,8.57,0.30,8.71,8.87,nan,nan,nan,nan,nan,1,O
910.958,nan,8.52,0.23,8.67,8.84,nan,nan,nan,nan,nan,1,O
911.964,nan,8.46,0.19,8.65,8.74,nan,nan,nan,nan,nan,1,O
912.968,nan,8.52,0.09,8.73,8.54,nan,nan,nan,nan,nan,1,O
913.973,nan,8.50,0.04,8.70,8.55,nan,nan,nan,nan,nan,1,O
914.977,nan,8.50,0.01,8.65,8.57,nan,nan,nan,nan,nan,1,O
915.983,nan,8.52,-0.15,8.71,8.60,nan,nan,nan,nan,nan,1,O
916.987,nan,8.45,-0.06,8.63,8.52,nan,nan,nan,nan,nan,1,O
917.992,nan,8.45,-0.02,8.63,8.44,nan,nan,nan,nan,nan,1,O
918.996,nan,8.40,-0.04,8.57,8.38,nan,nan,nan,nan,nan,1,O
920.002,nan,8.38,-0.12,8.65,8.48,nan,nan,nan,nan,nan,1,O
921.007,nan,8.44,-0.16,8.56,8.57,nan,nan,nan,nan,nan,1,O
922.011,nan,8.44,-0.27,8.56,8.56,nan,nan,nan,nan,nan,1,O
923.016,nan,8.39,-0.37,8.56,8.52,nan,nan,nan,nan,nan,1,O
924.021,nan,8.39,-0.57,8.52,8.59,nan,nan,nan,nan,nan,1,O
925.026,nan,8.29,-0.57,8.56,8.65,nan,nan,nan,nan,nan,1,O
926.030,nan,8.30,-0.64,8.48,8.60,nan,nan,nan,nan,nan,1,O
927.035,nan,8.35,-0.78,8.43,8.57,nan,nan,nan,nan,nan,1,O
928.040,nan,8.32,-0.94,8.40,8.59,nan,nan,nan,nan,nan,1,O
929.045,nan,8.22,-1.11,8.44,8.63,nan,nan,nan,nan,nan,1,O
930.050,nan,8.23,-1.26,8.39,8.52,nan,nan,nan,nan,nan,1,O
931.054,nan,8.28,-1.59,8.41,8.52,nan,nan,nan,nan,nan,1,O
932.060,nan,8.23,-1.78,8.35,8.48,nan,nan,nan,nan,nan,1,O
933.064,nan,8.17,-1.88,8.32,8.50,nan,nan,nan,nan,nan,1,O
934.069,nan,8.26,-1.84,8.29,8.44,nan,nan,nan,nan,nan,1,O
935.073,nan,8.17,-1.85,8.29,8.40,nan,nan,nan,nan,nan,1,O
936.079,nan,8.12,-1.66,8.32,8.48,nan,nan,nan,nan,nan,1,O
937.083,nan,8.17,-1.63,8.38,8.48,nan,nan,nan,nan,nan,1,O
938.088,nan,8.09,-1.41,8.26,8.41,nan,nan,nan,nan,nan,1,O
939.092,nan,8.09,-1.41,8.28,8.44,nan,nan,nan,nan,nan,1,O
940.098,nan,8.09,-1.38,8.23,8.41,nan,nan,nan,nan,nan,1,O
941.103,nan,8.06,-1.37,8.26,8.40,nan,nan,nan,nan,nan,1,O
942.107,nan,8.06,-1.30,8.15,8.29,nan,nan,nan,nan,nan,1,O
943.112,nan,8.09,-1.36,8.16,8.17,nan,nan,nan,nan,nan,1,O
944.117,nan,8.07,-1.45,8.17,8.07,nan,nan,nan,nan,nan,1,O
945.122,nan,8.11,-1.47,8.18,8.13,nan,nan,nan,nan,nan,1,O
946.126,nan,7.96,-1.49,8.16,8.16,nan,nan,nan,nan,nan,1,O
947.132,nan,8.01,-1.45,8.11,8.13,nan,nan,nan,nan,nan,1,O
948.136,nan,7.96,-1.36,8.13,8.18,nan,nan,nan,nan,nan,1,O
949.141,nan,7.94,-1.37,8.09,7.85,nan,nan,nan,nan,nan,1,O
950.146,nan,7.96,-1.28,8.07,7.84,nan,nan,nan,nan,nan,1,O
951.151,nan,7.92,-1.40,8.09,7.74,nan,nan,nan,nan,nan,1,O
952.156,nan,7.90,-1.34,8.06,7.70,nan,nan,nan,nan,nan,1,O
953.160,nan,7.90,-1.42,8.07,7.72,nan,nan,nan,nan,nan,1,O
954.165,nan,7.83,-1.36,8.00,7.48,nan,nan,nan,nan,nan,1,O
955.170,nan,7.88,-1.27,7.96,7.45,nan,nan,nan,nan,nan,1,O
